<?xml version="1.0" encoding="utf-8" ?>
<dwsync>
<file name="customer_fix.php" server="ftp.colorbiz.org" local="131634902410000000" remote="131634705000000000" Dst="0" />
<file name="sidebar.php" server="ftp.colorbiz.org" local="131641800707005644" remote="131641602600000000" Dst="0" />
<file name="customer_fix_save.php" server="ftp.colorbiz.org" local="131634903085577568" remote="131634705000000000" Dst="0" />
<file name="email.php" server="ftp.colorbiz.org" local="131663657765709277" remote="131663459400000000" Dst="0" />
<file name="sales.php" server="ftp.colorbiz.org" local="131505607660000000" remote="131505607200000000" Dst="0" />
<file name="invoice.php" server="ftp.colorbiz.org" local="131463450000000000" remote="131463450000000000" Dst="0" />
<file name="incom.php" server="ftp.colorbiz.org" local="131640284669080192" remote="131640087000000000" Dst="0" />
<file name="delay payment.php" server="ftp.colorbiz.org" local="131641788996706888" remote="131641591200000000" Dst="0" />
<file name="customer_rp.php" server="ftp.colorbiz.org" local="131647125668829085" remote="131646927600000000" Dst="0" />
<file name="index.php" server="ftp.colorbiz.org" local="131647225657554019" remote="131647029000000000" Dst="0" />
<file name="sidebar2.php" server="ftp.colorbiz.org" local="131479339360000000" remote="131479002000000000" Dst="0" />
</dwsync>